<?xml version="1.0" encoding="UTF-8"?>
<configurationDescriptor version="100">
  <logicalFolder name="root" displayName="root" projectFiles="true" kind="ROOT">
    <logicalFolder name="HeaderFiles"
                   displayName="Header Files"
                   projectFiles="true">
      <itemPath>include/Byte.h</itemPath>
      <itemPath>include/Histogram.h</itemPath>
      <itemPath>include/Image.h</itemPath>
    </logicalFolder>
    <logicalFolder name="ResourceFiles"
                   displayName="Resource Files"
                   projectFiles="true">
    </logicalFolder>
    <logicalFolder name="SourceFiles"
                   displayName="Source Files"
                   projectFiles="true">
      <itemPath>src/Byte.cpp</itemPath>
      <itemPath>src/Histogram.cpp</itemPath>
      <itemPath>src/Image.cpp</itemPath>
      <itemPath>src/main.cpp</itemPath>
    </logicalFolder>
    <logicalFolder name="TestFiles"
                   displayName="Test Files"
                   projectFiles="false"
                   kind="TEST_LOGICAL_FOLDER">
      <logicalFolder name="f1" displayName="MisTests" projectFiles="true" kind="TEST">
        <itemPath>tests/00Main.cpp</itemPath>
        <itemPath>tests/01UnitByte.cpp</itemPath>
        <itemPath>tests/02UnitImage.cpp</itemPath>
        <itemPath>tests/03UnitHistogram.cpp</itemPath>
        <itemPath>tests/testingtools.cpp</itemPath>
        <itemPath>tests/testingtools.h</itemPath>
      </logicalFolder>
    </logicalFolder>
    <logicalFolder name="ExternalFiles"
                   displayName="Important Files"
                   projectFiles="false"
                   kind="IMPORTANT_FILES_FOLDER">
      <itemPath>Makefile</itemPath>
    </logicalFolder>
  </logicalFolder>
  <projectmakefile>Makefile</projectmakefile>
  <confs>
    <conf name="Debug" type="1">
      <toolsSet>
        <compilerSet>default</compilerSet>
        <dependencyChecking>true</dependencyChecking>
        <rebuildPropChanged>false</rebuildPropChanged>
      </toolsSet>
      <compileType>
        <ccTool>
          <standard>11</standard>
          <incDir>
            <pElem>include</pElem>
            <pElem>../MPTools/include</pElem>
            <pElem>../MPTools/googletest-master/googletest/include</pElem>
          </incDir>
        </ccTool>
        <linkerTool>
          <linkerLibItems>
            <linkerLibProjectItem>
              <makeArtifact PL="../MPTools"
                            CT="3"
                            CN="Debug"
                            AC="true"
                            BL="true"
                            WD="../MPTools"
                            BC="${MAKE}  -f Makefile CONF=Debug"
                            CC="${MAKE}  -f Makefile CONF=Debug clean"
                            OP="${CND_DISTDIR}/${CND_CONF}/${CND_PLATFORM}/libmptools.a">
              </makeArtifact>
            </linkerLibProjectItem>
          </linkerLibItems>
        </linkerTool>
      </compileType>
      <folder path="TestFiles/f1">
        <cTool>
          <incDir>
            <pElem>.</pElem>
          </incDir>
        </cTool>
        <ccTool>
          <incDir>
            <pElem>.</pElem>
            <pElem>include</pElem>
            <pElem>../MPTools/include</pElem>
            <pElem>../MPTools/googletest-master/googletest/include</pElem>
          </incDir>
        </ccTool>
        <linkerTool>
          <output>${TESTDIR}/TestFiles/f1</output>
          <linkerLibItems>
            <linkerLibProjectItem>
              <makeArtifact PL="../MPTools"
                            CT="3"
                            CN="Debug"
                            AC="true"
                            BL="true"
                            WD="../MPTools"
                            BC="${MAKE}  -f Makefile CONF=Debug"
                            CC="${MAKE}  -f Makefile CONF=Debug clean"
                            OP="${CND_DISTDIR}/${CND_CONF}/${CND_PLATFORM}/libmptools.a">
              </makeArtifact>
            </linkerLibProjectItem>
          </linkerLibItems>
          <commandLine>-pthread</commandLine>
        </linkerTool>
      </folder>
      <item path="include/Byte.h" ex="false" tool="3" flavor2="0">
      </item>
      <item path="include/Histogram.h" ex="false" tool="3" flavor2="0">
      </item>
      <item path="include/Image.h" ex="false" tool="3" flavor2="0">
      </item>
      <item path="src/Byte.cpp" ex="false" tool="1" flavor2="0">
      </item>
      <item path="src/Histogram.cpp" ex="false" tool="1" flavor2="0">
      </item>
      <item path="src/Image.cpp" ex="false" tool="1" flavor2="0">
      </item>
      <item path="src/main.cpp" ex="false" tool="1" flavor2="0">
      </item>
      <item path="tests/00Main.cpp" ex="false" tool="1" flavor2="0">
      </item>
      <item path="tests/01UnitByte.cpp" ex="false" tool="1" flavor2="0">
      </item>
      <item path="tests/02UnitImage.cpp" ex="false" tool="1" flavor2="0">
      </item>
      <item path="tests/03UnitHistogram.cpp" ex="false" tool="1" flavor2="0">
      </item>
      <item path="tests/testingtools.cpp" ex="false" tool="1" flavor2="0">
      </item>
      <item path="tests/testingtools.h" ex="false" tool="3" flavor2="0">
      </item>
    </conf>
    <conf name="Release" type="1">
      <toolsSet>
        <compilerSet>default</compilerSet>
        <dependencyChecking>true</dependencyChecking>
        <rebuildPropChanged>false</rebuildPropChanged>
      </toolsSet>
      <compileType>
        <cTool>
          <developmentMode>5</developmentMode>
        </cTool>
        <ccTool>
          <developmentMode>5</developmentMode>
        </ccTool>
        <fortranCompilerTool>
          <developmentMode>5</developmentMode>
        </fortranCompilerTool>
        <asmTool>
          <developmentMode>5</developmentMode>
        </asmTool>
      </compileType>
      <folder path="TestFiles/f1">
        <cTool>
          <incDir>
            <pElem>.</pElem>
          </incDir>
        </cTool>
        <ccTool>
          <incDir>
            <pElem>.</pElem>
          </incDir>
        </ccTool>
        <linkerTool>
          <output>${TESTDIR}/TestFiles/f1</output>
        </linkerTool>
      </folder>
      <item path="include/Byte.h" ex="false" tool="3" flavor2="0">
      </item>
      <item path="include/Histogram.h" ex="false" tool="3" flavor2="0">
      </item>
      <item path="include/Image.h" ex="false" tool="3" flavor2="0">
      </item>
      <item path="src/Byte.cpp" ex="false" tool="1" flavor2="0">
      </item>
      <item path="src/Histogram.cpp" ex="false" tool="1" flavor2="0">
      </item>
      <item path="src/Image.cpp" ex="false" tool="1" flavor2="0">
      </item>
      <item path="src/main.cpp" ex="false" tool="1" flavor2="0">
      </item>
      <item path="tests/00Main.cpp" ex="false" tool="1" flavor2="0">
      </item>
      <item path="tests/01UnitByte.cpp" ex="false" tool="1" flavor2="0">
      </item>
      <item path="tests/02UnitImage.cpp" ex="false" tool="1" flavor2="0">
      </item>
      <item path="tests/03UnitHistogram.cpp" ex="false" tool="1" flavor2="0">
      </item>
      <item path="tests/testingtools.cpp" ex="false" tool="1" flavor2="0">
      </item>
      <item path="tests/testingtools.h" ex="false" tool="3" flavor2="0">
      </item>
    </conf>
  </confs>
</configurationDescriptor>
